6,Python
7,Engineering
8,Computer System Validation
9,Financial Risk Management
10,GIS
11,Virtual PC
12,jQuery Mobile
13,Design Patterns
14,Digital Illustration
15,JavaScript Libraries
16,DBMS
17,Servers
18,Electronic Payments
19,JSON
20,Data Integration
21,iPad Development
22,Microsoft SQL Server
23,IT Solutions
24,SDK
25,Fortran
26,Cybercrime
27,Erlang
28,3D Modeling
29,Java
30,TCP/IP
31,NTFS
32,UDP
33,JSLint
34,E-commerce
35,Functional Specifications
36,Oracle
37,Project Implementation
38,Ethernet
39,Data Management
40,User Interface Design
41,JSP
42,Animation
43,Technical Illustration
44,GUI
45,VMware Server
46,Network Design
47,Software Implementation
48,SharePoint Server
49,Red Hat Linux
50,Shell Scripting
51,DDoS Mitigation
52,DTD
53,DDoS
54,Xerces
55,Data Collection
56,Cisco Routers
57,iOS Development
58,Data Warehousing
59,C++
60,Failure Analysis
61,Software Design
62,Data Mining
63,User Acceptance Testing
64,Security Awareness
65,XAMPP
66,LaTeX
67,Scheduling
68,Firewalls
69,Routing Protocols
70,Linux System Administration
71,ZigBee
72,Apache
73,SSL Certificates
74,HTML
75,IT Hardware Support
76,System Testing
77,Web Design
78,Cyber-security
79,Software Quality Assurance
80,Security Audits
81,Cloud Computing
82,Client Services
83,3D Visualization
84,WiFi
85,Web Services
86,CSS
87,Artifical Intelligence
88,C
89,IoT
90,XML
91,SQL
92,PL/SQL
93,MySQL
94,Team Leadership
95,Project Management
96,Python
97,Engineering
98,Computer System Validation
99,Financial Risk Management
100,GIS
101,Virtual PC
102,jQuery Mobile
103,Design Patterns
104,Digital Illustration
105,JavaScript Libraries
6,DBMS
7,Servers
8,Electronic Payments
9,JSON
10,Data Integration
11,iPad Development
12,Microsoft SQL Server
13,IT Solutions
14,SDK
15,Fortran
16,Cybercrime
17,Erlang
18,3D Modeling
19,Java
20,TCP/IP
21,NTFS
22,UDP
23,JSLint
24,E-commerce
25,Functional Specifications
26,Oracle
27,Project Implementation
28,Ethernet
29,Data Management
30,User Interface Design
31,JSP
32,Animation
33,Technical Illustration
34,GUI
35,VMware Server
36,Network Design
37,Software Implementation
38,SharePoint Server
39,Red Hat Linux
40,Shell Scripting
41,DDoS Mitigation
42,DTD
43,DDoS
44,Xerces
45,Data Collection
46,Cisco Routers
47,iOS Development
48,Data Warehousing
49,C++
50,Failure Analysis
51,Software Design
52,Data Mining
53,User Acceptance Testing
54,Security Awareness
55,XAMPP
56,LaTeX
57,Scheduling
58,Firewalls
59,Routing Protocols
60,Linux System Administration
61,ZigBee
62,Apache
63,SSL Certificates
64,HTML
65,IT Hardware Support
66,System Testing
67,Web Design
68,Cyber-security
69,Software Quality Assurance
70,Security Audits
71,Cloud Computing
72,Client Services
73,3D Visualization
74,WiFi
75,Web Services
76,CSS
77,Artifical Intelligence
78,C
79,IoT
80,XML
81,SQL
82,PL/SQL
83,MySQL
84,Team Leadership
85,Project Management
86,Python
87,Engineering
88,Computer System Validation
89,Financial Risk Management
90,GIS
91,Virtual PC
92,jQuery Mobile
93,Design Patterns
94,Digital Illustration
95,JavaScript Libraries
96,DBMS
97,Servers
98,Electronic Payments
99,JSON
100,Data Integration
101,iPad Development
102,Microsoft SQL Server
103,IT Solutions
104,SDK
105,Fortran
